LogFC_Wo_ATS_Par,LogFC_Ac_ATS_Par,Reaction
4.8332574048414,1.54206226370315,r_0503
5.030994548251,3.34819018827641,r_0771
